﻿Designator,Footprint,Quantity,Value,LCSC Part #
C1,0805,1,4.7u,
C2,0805,1,22u,
"C3, C5",0402,2,100n,
C4,0603,1,22u,
C6,0603,1,10u,
"C7, C8",0402,2,0.1 µ,
J1,USB_C_Receptacle_GCT_USB4105-xx-A_16P_TopMnt_Horizontal,1,USB_C_Receptacle_USB2.0_16P,
J2,TerminalBlock_Xinya_XY308-2.54-2P_1x02_P2.54mm_Horizontal,1,Screw_Terminal_01x02,
J3,PinHeader_1x13_P2.54mm_Vertical,1,Conn_01x13_Pin,
L1,L_Coilcraft_XAL4020-XXX,1,1uH,
"R1, R4",0603,2,5.1k,
R10,0603,1,210.2k,
R11,0603,1,634k,
"R12, R13",0402,2,0R,
R2,0603,1,453k,
R3,0603,1,100k,
"R5, R8, R9",0603,3,10k,
"R6, R7",0603,2,0R,
RN1,R_Cat16-4,1,10k,
SW1,SW_SPST_B3U-1000P,1,RST,
SW2,SW_SPST_B3U-1000P,1,BOOT,
TP1,SolderWirePad_1x01_SMD_1x2mm,1,+5V,
"TP10, TP11, TP12",SolderWirePad_1x01_SMD_1x2mm,3,GND,
TP13,TestPoint_Pad_D1.0mm,1,SCL0,
TP14,TestPoint_Pad_D1.0mm,1,SDA0,
"TP2, TP3",SolderWirePad_1x01_SMD_1x2mm,2,+3.3V,
TP4,SolderWirePad_1x01_SMD_1x2mm,1,SCL1,
TP5,SolderWirePad_1x01_SMD_1x2mm,1,SDA1,
TP6,SolderWirePad_1x01_SMD_1x2mm,1,NP,
TP7,SolderWirePad_1x01_SMD_1x2mm,1,I2S_D,
TP8,SolderWirePad_1x01_SMD_1x2mm,1,BCLK,
TP9,SolderWirePad_1x01_SMD_1x2mm,1,LRCLK,
U1,SOT-563,1,TLV62569DRL,
U2,SOT-666,1,USBLC6-2P6,
U3,ESP32-C6-WROOM-1,1,ESP32-C6-WROOM-1,
U4,TQFN-16-1EP_3x3mm_P0.5mm_EP1.23x1.23mm,1,MAX98357A,
U5,Bosch_LGA-8_3x3mm_P0.8mm_ClockwisePinNumbering,1,BME688,
X1,Hirose_FH12-18S-0.5SH_1x18-1MP_P0.50mm_Horizontal,1,EYE_SPI_DISPLAY_FLIP,
